{
    "overall": {
        "mae": 0.5127924170757431,
        "rmse": 0.8483365103264173,
        "r2": 0.8064654489301551,
        "acc_0.50": 0.6561259008677747,
        "acc_0.75": 0.8171789969113105
    },
    "step_1": {
        "mae": 0.46256491768013885,
        "rmse": 0.7861076512030241,
        "r2": 0.8350983459727047,
        "acc_0.50": 0.706777316735823,
        "acc_0.75": 0.8544951590594744
    },
    "step_2": {
        "mae": 0.5411416132612784,
        "rmse": 0.8739668582500384,
        "r2": 0.7934799759924898,
        "acc_0.50": 0.623136014460009,
        "acc_0.75": 0.8016267510167194
    },
    "step_3": {
        "mae": 0.635177215383178,
        "rmse": 0.9988641716737927,
        "r2": 0.7179625787515833,
        "acc_0.50": 0.5427394438722966,
        "acc_0.75": 0.713697219361483
    }
}