{
    "overall_mae": 0.7435623024844105,
    "overall_rmse": 1.2476432030770503,
    "acc_0.50": 0.514798287951917,
    "acc_0.75": 0.6708860759493671,
    "step_1_mae": 0.6541281844981376,
    "step_2_mae": 0.7235098611379183,
    "step_3_mae": 0.9845670857879955
}