{
    "overall_mae": 0.7447815731330829,
    "overall_rmse": 1.2456578821196838,
    "acc_0.50": 0.5140697568527457,
    "acc_0.75": 0.6711592751115564,
    "step_1_mae": 0.6541281844981376,
    "step_2_mae": 0.7284420015919651,
    "step_3_mae": 0.9825603633531528
}