{
    "overall": {
        "mae": 0.6469556091883721,
        "rmse": 1.0484870176240702,
        "r2": 0.7096014800837739,
        "acc_0.50": 0.5325562334942173,
        "acc_0.75": 0.7042163737364538
    },
    "step_1": {
        "mae": 0.5652963190988892,
        "rmse": 0.9295075424414649,
        "r2": 0.7728793356341621,
        "acc_0.50": 0.6058606636910537,
        "acc_0.75": 0.7696487483019601
    },
    "step_2": {
        "mae": 0.6456601612462664,
        "rmse": 0.9459659806420199,
        "r2": 0.7612122728050132,
        "acc_0.50": 0.5062240663900415,
        "acc_0.75": 0.6946058091286307
    },
    "step_3": {
        "mae": 0.8392165066767676,
        "rmse": 1.407598079005176,
        "r2": 0.4642902265058818,
        "acc_0.50": 0.4048802530501582,
        "acc_0.75": 0.5675553547220967
    }
}