{
    "overall": {
        "mae": 0.7805746410466566,
        "rmse": 1.095620924455963,
        "r2": 0.6829053464084317,
        "acc_0.50": 0.4627993807485657,
        "acc_0.75": 0.6143338493761953
    },
    "step_1": {
        "mae": 0.4788167928067793,
        "rmse": 0.7686001899929962,
        "r2": 0.8447070326722085,
        "acc_0.50": 0.6807684843780322,
        "acc_0.75": 0.835047545119348
    },
    "step_2": {
        "mae": 0.989495850622407,
        "rmse": 1.252937862891982,
        "r2": 0.5810906708647926,
        "acc_0.50": 0.28686030428769016,
        "acc_0.75": 0.43817427385892116
    },
    "step_3": {
        "mae": 1.14194292815183,
        "rmse": 1.4200002733892931,
        "r2": 0.4548084766740004,
        "acc_0.50": 0.24265702666064165,
        "acc_0.75": 0.38816086760054225
    }
}