{
    "overall": {
        "mae": 0.529106132953215,
        "rmse": 0.8344523636490278,
        "r2": 0.8127485061907973,
        "acc_0.50": 0.6346521547286366,
        "acc_0.75": 0.7979114575672893
    },
    "step_1": {
        "mae": 0.46828914329999055,
        "rmse": 0.76800404450234,
        "r2": 0.8426060699971739,
        "acc_0.50": 0.6910096818810512,
        "acc_0.75": 0.8448132780082988
    },
    "step_2": {
        "mae": 0.5667074179924079,
        "rmse": 0.8709264502520044,
        "r2": 0.794914384929005,
        "acc_0.50": 0.5942159963849978,
        "acc_0.75": 0.7654767284229552
    },
    "step_3": {
        "mae": 0.6698288660167296,
        "rmse": 0.9751767355067622,
        "r2": 0.731180649403723,
        "acc_0.50": 0.5169927909371782,
        "acc_0.75": 0.6972193614830072
    }
}