{
    "overall": {
        "mae": 0.5204218988491213,
        "rmse": 0.8316110606403692,
        "acc_0.50": 0.6303391959798995,
        "acc_0.75": 0.8030778894472361
    },
    "step_1": {
        "mae": 0.48745487163522583,
        "rmse": 0.7891864140786808,
        "acc_0.50": 0.6683235427022142,
        "acc_0.75": 0.8386805241753276
    },
    "step_2": {
        "mae": 0.595556843467402,
        "rmse": 0.9210273890884685,
        "acc_0.50": 0.5437693099897013,
        "acc_0.75": 0.721936148300721
    }
}