{
    "overall": {
        "mae": 0.6127002835608852,
        "rmse": 0.9363224268508699,
        "r2": 0.768410355925501,
        "acc_0.50": 0.5718058464620709,
        "acc_0.75": 0.7405518623076223
    },
    "step_1": {
        "mae": 0.5297117213024762,
        "rmse": 0.8551978627779943,
        "r2": 0.8077421739395164,
        "acc_0.50": 0.6487483019600233,
        "acc_0.75": 0.810207646031438
    },
    "step_2": {
        "mae": 0.6402363981953343,
        "rmse": 0.9510959791903176,
        "r2": 0.7586153459168198,
        "acc_0.50": 0.5322268326417704,
        "acc_0.75": 0.7084370677731674
    },
    "step_3": {
        "mae": 0.7609592112220003,
        "rmse": 1.0814657104854282,
        "r2": 0.6837738746012523,
        "acc_0.50": 0.45729778581111613,
        "acc_0.75": 0.630817894261184
    }
}