{
    "overall": {
        "mae": 0.7185613333613521,
        "rmse": 1.1389464752637042,
        "r2": 0.657330923946069,
        "acc_0.50": 0.5206265367452874,
        "acc_0.75": 0.6725252709225025
    },
    "step_1": {
        "mae": 0.6230487135178886,
        "rmse": 0.988690814884145,
        "r2": 0.7430362789808269,
        "acc_0.50": 0.5858723073937512,
        "acc_0.75": 0.7308364059771008
    },
    "step_2": {
        "mae": 0.7102432924619341,
        "rmse": 1.0478184451101595,
        "r2": 0.7070233265019001,
        "acc_0.50": 0.5009681881051176,
        "acc_0.75": 0.665283540802213
    },
    "step_3": {
        "mae": 0.9545515041271736,
        "rmse": 1.5385457128351916,
        "r2": 0.35998073371403816,
        "acc_0.50": 0.4008133755083597,
        "acc_0.75": 0.5485765928603705
    }
}