{
    "overall": {
        "mae": 0.6838850620349958,
        "rmse": 1.03705975827817,
        "acc_0.50": 0.5220835989436299,
        "acc_0.75": 0.6844549676714324
    },
    "step_1": {
        "mae": 0.5707818212740648,
        "rmse": 0.9252618295808522,
        "acc_0.50": 0.6246846497186105,
        "acc_0.75": 0.7772171550553076
    },
    "step_2": {
        "mae": 0.7068525934478654,
        "rmse": 1.0369231871368008,
        "acc_0.50": 0.47800829875518674,
        "acc_0.75": 0.6580912863070539
    },
    "step_3": {
        "mae": 0.9097293338757335,
        "rmse": 1.2596797258390058,
        "acc_0.50": 0.3551739719837325,
        "acc_0.75": 0.5115228197017623
    }
}