{
    "overall": {
        "mae": 0.7232050956195868,
        "rmse": 1.219612338853473,
        "r2": 0.6070729725654548,
        "acc_0.50": 0.5386576814497769,
        "acc_0.75": 0.6897368181404244
    },
    "step_1": {
        "mae": 0.6381345327215338,
        "rmse": 1.1033411936927067,
        "r2": 0.6799848937246582,
        "acc_0.50": 0.6091597127886668,
        "acc_0.75": 0.7543178730836406
    },
    "step_2": {
        "mae": 0.7003255328733018,
        "rmse": 1.0782593659713273,
        "r2": 0.6897531050591756,
        "acc_0.50": 0.5161825726141079,
        "acc_0.75": 0.6755186721991702
    },
    "step_3": {
        "mae": 0.9586674679383793,
        "rmse": 1.6269469561028886,
        "r2": 0.2843197604068659,
        "acc_0.50": 0.41120650700406686,
        "acc_0.75": 0.5625847266154541
    }
}