{
    "overall": {
        "mae": 0.48875827499707436,
        "rmse": 0.8109098674698827,
        "acc_0.50": 0.676821608040201,
        "acc_0.75": 0.8360552763819096
    },
    "step_1": {
        "mae": 0.46087041296411624,
        "rmse": 0.7715606546025127,
        "acc_0.50": 0.7058291911432445,
        "acc_0.75": 0.850429281518301
    },
    "step_2": {
        "mae": 0.5523173261597277,
        "rmse": 0.8941429584811406,
        "acc_0.50": 0.6107106076210093,
        "acc_0.75": 0.8032955715756952
    }
}